anthony.mannella@isocertification.ca
beverlyt@mothersbookkeeping.com
bmccall@mavelinsurance.com
brenda@bvtlaw.com
carol@caroloncall.com
chris@pacificgroupla.com
cinda@cindachapmancpa.com
cindy@csbizmanagement.com
debra@drqcpa.com
debra@nw-cpa.com
dmitryb@zentax.ca
dylan@accountingpros.com
epringle@ipeoplesolutions.com
erica.lamont@lamontlaw.ca
ernest@efhcpa.com
fred@execsecurity.ca
fred@fredflorescpa.com
grant@grantassociatesks.com
gurpreet@refinecpa.com
jabdou@prudencecpa.com
james@geigertaxandaccounting.com
jarrett@jacobsvirtualtax.com
jball@ballpts.com
jeff@mnjllc.com
jennifer@jgthomascpa.com
jerry@lutjenbiz.com
jimmie@jwkanglaw.com
john@lambelaw.ca
jujhar@jsmlaw.ca
justin@darkhorse.cpa
ken@accountonus.com
kevin@franchisetaxcompany.com
kim@thetaxwizard.net
kimberlie@kvpaccounting.com
lorne@mccpa.com
lory@bergerthefirm.com
luis@globaltaxation.ca
lzon@us-taxservices.com
manbir@nirwallaw.com
maria@humanagehr.com
marisa@exactcalculations.com
mark@gaapguy.biz
marvin@santamonicaaccounting.net
maya@oneingramgroup.com
mbuttice@hrengagementanalytics.com
megan.lingo@legacybusinessconsulting.com
michelle@beaconbookkeeping.com
nick@thebalancedbookkeepers.com
nicole@lahmanilaw.com
paula@paula-co.com
pavel@odnoletkov.ca
rafaeldmd@dmdlegal.ca
rceleste@celestecpa.com
rcjonesassociatesinc@rcjonesinc.com
reagan@reaganorr.com
reza@hrcservice.com
robert@ramptax.com
roger@coynercpa.com
sandra@collegeofstyle.com
scott@scottscpa.com
serena@execucompass.com
teri@knowlesbookkeeping.com
terri@doinghrdifferently.com
tlee@chlkcpa.com
toddschick@aspirewealthmgt.com
tony@potestiolaw.com
tpace@pace-cpa.com
venus@venusmichael.com
victoria@smithaccountingandtax.ca
vidy@edgeparalegal.com
warren.chan@cswcpa.ca
wendy@summersolsticeconsulting.com
wsfrank@careerlab.com
