aaron.clark@methodicconsulting.com
aaron@methodicconsulting.com
aaronclark@methodicconsulting.com
alan.lefkowitz@cfostrategiesllc.com
alan@cfostrategiesllc.com
alanlefkowitz@cfostrategiesllc.com
alberto.cohen@albertocpa.com
alberto@albertocpa.com
albertocohen@albertocpa.com
alec.gores@gores.com
alec@gores.com
alecgores@gores.com
allison.berlin@berlin-financial.com
allison@berlin-financial.com
allisonberlin@berlin-financial.com
anderson.yang@palacecapitalgrp.com
anderson@palacecapitalgrp.com
andersonyang@palacecapitalgrp.com
andrew.davis@123mybooksnj.com
andrew.wolf@arcmercury.com
andrew@123mybooksnj.com
andrew@arcmercury.com
andrewdavis@123mybooksnj.com
andrewwolf@arcmercury.com
angela.flickinger@hpm360.com
angela@hpm360.com
angelaflickinger@hpm360.com
arkady.milgram@milgramfinancial.com
arkady@milgramfinancial.com
arkadymilgram@milgramfinancial.com
arsi.ghanbari@bettertaxrelief.com
arsi@bettertaxrelief.com
arsighanbari@bettertaxrelief.com
asksh.gupta@occasion.app
asksh@occasion.app
askshgupta@occasion.app
atiq.ahmed@edisontaxgroup.com
atiq@edisontaxgroup.com
atiqahmed@edisontaxgroup.com
atlenea.beard@beardadminservices.com
atlenea@beardadminservices.com
atleneabeard@beardadminservices.com
barton.bumpus@accountantanalytics.com
barton@accountantanalytics.com
bartonbumpus@accountantanalytics.com
blake.rottiers@tra.com
blake@tra.com
blakerottiers@tra.com
brent.durbin@durbinbennett.com
brent@durbinbennett.com
brentdurbin@durbinbennett.com
brett.windmann@brettwidmann.com
brett@brettwidmann.com
brettwindmann@brettwidmann.com
britni.chisolm@goldenpalms.org
britni@goldenpalms.org
britnichisolm@goldenpalms.org
char.jackson@conflictcircumvention.com
char@conflictcircumvention.com
charjackson@conflictcircumvention.com
chaya.barber@morgancash.com
chaya@morgancash.com
chayabarber@morgancash.com
chris.mackay@amityonetax.com
chris.sunderland@truewebtechs.com
chris@amityonetax.com
chris@truewebtechs.com
chrismackay@amityonetax.com
chrissunderland@truewebtechs.com
christian.shaw@simplybookedmeetings.com
christian@simplybookedmeetings.com
christianshaw@simplybookedmeetings.com
chuck.evans@costsegleader.com
chuck@costsegleader.com
chuckevans@costsegleader.com
clemy.jajati@thorcapitalgroup.com
clemy@thorcapitalgroup.com
clemyjajati@thorcapitalgroup.com
corey.henderson@staffonerecruiting.com
corey@staffonerecruiting.com
coreyhenderson@staffonerecruiting.com
customer.service@cofounderslab.com
customer.service@sunnycreative.com
customer@cofounderslab.com
customer@sunnycreative.com
customerservice@cofounderslab.com
customerservice@sunnycreative.com
daniel.camacho@commercialhedge.com
daniel@commercialhedge.com
danielcamacho@commercialhedge.com
david.abramson@davidabramsonassociates.com
david.bemenderfer@bemenderfer.com
david.johnson@abraxasgp.com
david.landau@dlallc.com
david.lewis@new.pinper.com
david.lubin@universitycowork.com
david@abraxasgp.com
david@bemenderfer.com
david@davidabramsonassociates.com
david@dlallc.com
david@new.pinper.com
david@universitycowork.com
davidabramson@davidabramsonassociates.com
davidbemenderfer@bemenderfer.com
davidjohnson@abraxasgp.com
davidlandau@dlallc.com
davidlewis@new.pinper.com
davidlubin@universitycowork.com
deidra.ryan@dmraccounting.com
deidra@dmraccounting.com
deidraryan@dmraccounting.com
donald.keller@pwc.com
donald@pwc.com
donaldkeller@pwc.com
drake.friesen@cinchaccounting.co
drake@cinchaccounting.co
drakefriesen@cinchaccounting.co
edison.nunez@converyaccountants.com
edison@converyaccountants.com
edisonnunez@converyaccountants.com
edward.allen@delington.com
edward.gowett@gowett-cpa.com
edward@delington.com
edward@gowett-cpa.com
edwardallen@delington.com
edwardgowett@gowett-cpa.com
elizabeth.gibson@civictaxrelief.com
elizabeth@civictaxrelief.com
elizabethgibson@civictaxrelief.com
eric.andrews@ericscottstudios.com
eric@ericscottstudios.com
erica.crawford@morrochamber.org
erica@morrochamber.org
ericacrawford@morrochamber.org
ericandrews@ericscottstudios.com
erika.kearney@pwc.com
erika@pwc.com
erikakearney@pwc.com
ervil.cpa@csfinad.com
ervil@csfinad.com
ervilcpa@csfinad.com
fernando.rivera@professionaltaxadvisor.com
fernando@professionaltaxadvisor.com
fernandorivera@professionaltaxadvisor.com
frank.palmer@palmerinsuranceinc.com
frank@palmerinsuranceinc.com
frankpalmer@palmerinsuranceinc.com
gazi.salahat@fidelitytaxrelief.com
gazi@fidelitytaxrelief.com
gazisalahat@fidelitytaxrelief.com
george.campelo@brisafinancial.com
george.dunea@hector1.org
george@brisafinancial.com
george@hector1.org
georgecampelo@brisafinancial.com
georgedunea@hector1.org
gerardine.cooper@bsms-inc.com
gerardine@bsms-inc.com
gerardinecooper@bsms-inc.com
gina.fitzpatrick@pasorobleschamber.com
gina.jacoby-clements@roileaders.com
gina@pasorobleschamber.com
gina@roileaders.com
ginafitzpatrick@pasorobleschamber.com
ginajacoby-clements@roileaders.com
harvey.corn@cornandcorn.com
harvey@cornandcorn.com
harveycorn@cornandcorn.com
henry.falter@engagecx.com
henry@engagecx.com
henryfalter@engagecx.com
howard.faske@faskelay.com
howard@faskelay.com
howardfaske@faskelay.com
hugh.parker@horne.com
hugh@horne.com
hughparker@horne.com
jace.campbell@ertcadvisors.com
jace@ertcadvisors.com
jacecampbell@ertcadvisors.com
jacob.curshen@wiseadvances.com
jacob@wiseadvances.com
jacobcurshen@wiseadvances.com
jaime.phillips@map.cpa
jaime@map.cpa
jaimephillips@map.cpa
james.ronin@winfundgroup.com
james.schue@talarts.org
james@talarts.org
james@winfundgroup.com
jamesronin@winfundgroup.com
jamesschue@talarts.org
jason.debellotte@debellcapital.com
jason.mcclain@facebook.com
jason@debellcapital.com
jason@facebook.com
jasondebellotte@debellcapital.com
jasonmcclain@facebook.com
jeanne.schnitzen@triangle-accounting.com
jeanne@triangle-accounting.com
jeanneschnitzen@triangle-accounting.com
jeffrey.lefebvre@prisim.com
jeffrey@prisim.com
jeffreylefebvre@prisim.com
jeremiah.flowers@theenterpriser.co
jeremiah@theenterpriser.co
jeremiahflowers@theenterpriser.co
jessica.manager@hustlewing.com
jessica@hustlewing.com
jessicamanager@hustlewing.com
joe.lavien@lavientax.com
joe@lavientax.com
joel.russo@pta-us.com
joel@pta-us.com
joelavien@lavientax.com
joelrusso@pta-us.com
john.knox@johnbknoxcpa.com
john.tonsager@tonsagertax.com
john@johnbknoxcpa.com
john@tonsagertax.com
johnknox@johnbknoxcpa.com
johntonsager@tonsagertax.com
jonathan.penprase@taxsolutionsgroup.net
jonathan@taxsolutionsgroup.net
jonathanpenprase@taxsolutionsgroup.net
jori.guzhuna@guzhunafinancial.com
jori@guzhunafinancial.com
joriguzhuna@guzhunafinancial.com
joseph.aquilar@eagletaxres.com
joseph.boscia@bosciapc.com
joseph.forestal@foursail.com
joseph@bosciapc.com
joseph@eagletaxres.com
joseph@foursail.com
josephaquilar@eagletaxres.com
josephboscia@bosciapc.com
josephforestal@foursail.com
josh.kahn@anthemtaxservices.com
josh@anthemtaxservices.com
joshkahn@anthemtaxservices.com
joshua.nussbaum@reindeertax.com
joshua@reindeertax.com
joshuanussbaum@reindeertax.com
joy.mason@optimistindy.com
joy@optimistindy.com
joymason@optimistindy.com
julia.popova@jpcpatax.com
julia@jpcpatax.com
julianne.autry@financialfoothold.com
julianne@financialfoothold.com
julianneautry@financialfoothold.com
juliapopova@jpcpatax.com
justin.sundberg@sundbergtc.com
justin@sundbergtc.com
justinsundberg@sundbergtc.com
karlton.dennis@taxalchemy.com
karlton@taxalchemy.com
karltondennis@taxalchemy.com
karyn.dilworth@executivesolutionsla.com
karyn@executivesolutionsla.com
karyndilworth@executivesolutionsla.com
kassandra.points@precisionpointshr.com
kassandra@precisionpointshr.com
kassandrapoints@precisionpointshr.com
kate.duchene@rgp.com
kate@rgp.com
kateduchene@rgp.com
kathy.klang@cummingskeegan.com
kathy@cummingskeegan.com
kathyklang@cummingskeegan.com
kayla.prusinski@savvybirdconsulting.com
kayla@savvybirdconsulting.com
kaylaprusinski@savvybirdconsulting.com
kevin.white@ontrack-funding.com
kevin@ontrack-funding.com
kevinwhite@ontrack-funding.com
khambrell.gomez@covertacticalsix.com
khambrell@covertacticalsix.com
khambrellgomez@covertacticalsix.com
kyle.nashawaty@ingenioustaxrelief.com
kyle.parks@mlrpc.com
kyle@ingenioustaxrelief.com
kyle@mlrpc.com
kylenashawaty@ingenioustaxrelief.com
kyleparks@mlrpc.com
laura.lee@kojzarekcpa.com
laura@kojzarekcpa.com
lauralee@kojzarekcpa.com
les.marie@thelesmariefirm.com
les@thelesmariefirm.com
lesmarie@thelesmariefirm.com
lisa.green@armanino.com
lisa.green@asilventures.com
lisa@armanino.com
lisa@asilventures.com
lisagreen@armanino.com
lisagreen@asilventures.com
marcey.whitney@pace.cpa
marcey@pace.cpa
marceywhitney@pace.cpa
margaret.cole@yearroundtaxservice.com
margaret@yearroundtaxservice.com
margaretcole@yearroundtaxservice.com
maritza.jeri@mjobookkeeping.com
maritza@mjobookkeeping.com
maritzajeri@mjobookkeeping.com
mark.waller@moremwaller.cpa
mark@moremwaller.cpa
markwaller@moremwaller.cpa
martin.molina@oceanblueinnovation.com
martin@oceanblueinnovation.com
martinmolina@oceanblueinnovation.com
max.chera@expresscapitalfinancing.com
max@expresscapitalfinancing.com
maxchera@expresscapitalfinancing.com
meir.roth@premiumcapitalfund.com
meir@premiumcapitalfund.com
meirroth@premiumcapitalfund.com
melissa.sandfort@athousandpaths.com
melissa@athousandpaths.com
melissasandfort@athousandpaths.com
michael.allbee@bfsg.com
michael.d'amato@altocpagroup.com
michael.kelly@developertown.com
michael.zemble@controllersconsulting.com
michael@altocpagroup.com
michael@bfsg.com
michael@controllersconsulting.com
michael@developertown.com
michaelallbee@bfsg.com
michaeld'amato@altocpagroup.com
michaelkelly@developertown.com
michaelzemble@controllersconsulting.com
michelle.huertas@mympts.com
michelle@mympts.com
michellehuertas@mympts.com
nadia.aristide@maroonstrategist.com
nadia@maroonstrategist.com
nadiaaristide@maroonstrategist.com
natalie.elser@calproaccountants.com
natalie@calproaccountants.com
natalieelser@calproaccountants.com
nodar.janashia@countup.io
nodar@countup.io
nodarjanashia@countup.io
omar.saleh@freshtaxsolutions.com
omar@freshtaxsolutions.com
omarsaleh@freshtaxsolutions.com
oneill.deer@vboadvising.com
oneill@vboadvising.com
oneilldeer@vboadvising.com
owen.dornstein@proaccountingdd.com
owen@proaccountingdd.com
owendornstein@proaccountingdd.com
par-joel.usti@vaimo.com
par-joel@vaimo.com
par-joelusti@vaimo.com
patrycja.marocola@marocolaelite.com
patrycja@marocolaelite.com
patrycjamarocola@marocolaelite.com
paul.northover@teamels.com
paul.pendleton@ptasonlinemn.com
paul@ptasonlinemn.com
paul@teamels.com
paulnorthover@teamels.com
paulpendleton@ptasonlinemn.com
pishoy.fahmi@pnfcpa.com
pishoy@pnfcpa.com
pishoyfahmi@pnfcpa.com
raymond.grand@jrgfunding.com
raymond@jrgfunding.com
raymondgrand@jrgfunding.com
reagan.toledo@tttaxrelief.com
reagan@tttaxrelief.com
reagantoledo@tttaxrelief.com
richard.cichocki@twincitiesaccountingandtax.com
richard.parsons@citi.com
richard@citi.com
richard@twincitiesaccountingandtax.com
richardcichocki@twincitiesaccountingandtax.com
richardparsons@citi.com
robert.greco@csicpa.com
robert@csicpa.com
robertgreco@csicpa.com
ronnii.shelby@thewhartoncompany.com
ronnii@thewhartoncompany.com
ronniishelby@thewhartoncompany.com
russell.lolley@cpalolley.com
russell@cpalolley.com
russelllolley@cpalolley.com
ryan.gruenholz@techryan.com
ryan@techryan.com
ryangruenholz@techryan.com
sally.mainquist@veritae.com
sally@veritae.com
sallymainquist@veritae.com
samantha.sullivan@everydaysocial.co
samantha@everydaysocial.co
samanthasullivan@everydaysocial.co
sammy.saleh@samincometaxllc.com
sammy@samincometaxllc.com
sammysaleh@samincometaxllc.com
scott.eicher@wheninojai.com
scott.fetters@2112inc.com
scott.schaubhut@scottscpa.com
scott.thede@sanguinesa.com
scott@2112inc.com
scott@sanguinesa.com
scott@scottscpa.com
scott@wheninojai.com
scotteicher@wheninojai.com
scottfetters@2112inc.com
scottschaubhut@scottscpa.com
scottthede@sanguinesa.com
shanenn.bryant@topself.com
shanenn@topself.com
shanennbryant@topself.com
shirnise.hubbard@swaataxfinancialconsultant.com
shirnise@swaataxfinancialconsultant.com
shirnisehubbard@swaataxfinancialconsultant.com
stacy.carey@reliance-engineers.com
stacy@reliance-engineers.com
stacycarey@reliance-engineers.com
steve.fahrer@veriswp.com
steve.josephson@bankerslife.com
steve@bankerslife.com
steve@veriswp.com
stevefahrer@veriswp.com
stevejosephson@bankerslife.com
steven.mcdonald@abdosolutions.com
steven@abdosolutions.com
stevenmcdonald@abdosolutions.com
stuart.bernstein@solveforx.solutions
stuart@solveforx.solutions
stuartbernstein@solveforx.solutions
sumit.verma@formytax.com
sumit@formytax.com
sumitverma@formytax.com
thomas.deweese@brasstaxrelief.com
thomas@brasstaxrelief.com
thomasdeweese@brasstaxrelief.com
tim.leiweke@oakviewgroup.com
tim@oakviewgroup.com
timleiweke@oakviewgroup.com
tony.vespa@vespa-group.com
tony@vespa-group.com
tonyvespa@vespa-group.com
travor.moses@mosestrusts.com
travor@mosestrusts.com
travormoses@mosestrusts.com
william.rudisill@mediahappi.com
william@mediahappi.com
williamrudisill@mediahappi.com